cluster	contributed	value
1	0	1.0576923
1	24	1.5769231
1	48	1.3461538
1	72	1.3141026
1	96	0.7820513
1	120	0.15740741
2	0	0.8440657
2	24	0.7712121
2	48	0.7821970
2	72	0.7159091
2	96	0.6818182
2	120	0.39592803
3	0	0.5382530
3	24	0.5304217
3	48	0.4527108
3	72	0.4201807
3	96	0.3506024
3	120	0.09541667