endowment	treatment	absolute	relative
20	Unequal	1.407692	0.7038462
30	Unequal	2.007407	0.6691358
40	Unequal	2.142593	0.5356481
40*	Equal	2.166038	0.5415094
50	Unequal	2.625926	0.5251852
60	Unequal	2.800000	0.4666667
