cluster	contributed	value
1	0	0.7474227
1	24	0.7835052
1	48	0.7525773
1	72	0.7023196
1	96	0.5451031
1	120	0.2417763
2	0	0.5826613
2	24	0.5141129
2	48	0.4233871
2	72	0.4610215
2	96	0.3548387
2	120	0.1114865