C_Distri	Value	CoorX	CoorY
01	52	431616.773990	4581563.510880
02	30	430243.353657	4582773.325780
03	33	428562.773279	4578162.508930
04	35	426369.646389	4582295.238190
05	37	425388.507986	4585170.420020
06	40	429253.013001	4584840.117520
07	42	429117.618770	4586949.876150
08	45	431185.040621	4588828.863270
09	47	432697.846739	4587572.267340
10	50	433330.835564	4584519.674460
